PaymentID,OrderID,PaymentMode,PaymentStatus,PaymentDate,Amount
501,401,UPI,Success,"2026-09-01 10:32:00",599.00
502,402,Card,Success,"2026-09-01 11:17:00",19999.00
503,403,"Net Banking",Pending,"2026-09-02 09:47:00",54999.00
504,404,COD,Success,"2026-09-02 14:22:00",3499.00
505,405,UPI,Success,"2026-09-03 16:12:00",799.00
506,406,Card,Success,"2026-09-03 18:32:00",2499.00
507,407,UPI,Success,"2026-09-04 10:02:00",899.00
508,408,Card,Refunded,"2026-09-04 12:47:00",1999.00
509,409,"Net Banking",Success,"2026-09-05 15:22:00",1599.00
